"id","fqdn/ip","port","severity","finding","cve","cwe"
"service","www.gouvernement.fr/192.229.211.115","443","INFO","HTTP","",""
"pre_128cipher","www.gouvernement.fr/192.229.211.115","443","INFO","No 128 cipher limit bug","",""
"SSLv2","www.gouvernement.fr/192.229.211.115","443","OK","not offered","",""
"SSLv3","www.gouvernement.fr/192.229.211.115","443","OK","not offered","",""
"TLS1","www.gouvernement.fr/192.229.211.115","443","INFO","not offered","",""
"TLS1_1","www.gouvernement.fr/192.229.211.115","443","INFO","not offered","",""
"TLS1_2","www.gouvernement.fr/192.229.211.115","443","OK","offered","",""
"TLS1_3","www.gouvernement.fr/192.229.211.115","443","OK","offered with final","",""
"ALPN_HTTP2","www.gouvernement.fr/192.229.211.115","443","OK","h2","",""
"ALPN","www.gouvernement.fr/192.229.211.115","443","INFO","http/1.1","",""
"cipherlist_NULL","www.gouvernement.fr/192.229.211.115","443","OK","not offered","","CWE-327"
"cipherlist_aNULL","www.gouvernement.fr/192.229.211.115","443","OK","not offered","","CWE-327"
"cipherlist_EXPORT","www.gouvernement.fr/192.229.211.115","443","OK","not offered","","CWE-327"
"cipherlist_LOW","www.gouvernement.fr/192.229.211.115","443","OK","not offered","","CWE-327"
"cipherlist_3DES_IDEA","www.gouvernement.fr/192.229.211.115","443","INFO","not offered","","CWE-310"
"cipherlist_OBSOLETED","www.gouvernement.fr/192.229.211.115","443","LOW","offered","","CWE-310"
"cipherlist_STRONG_NOFS","www.gouvernement.fr/192.229.211.115","443","OK","offered","",""
"cipherlist_STRONG_FS","www.gouvernement.fr/192.229.211.115","443","OK","offered","",""
"cipher_order-tls1_2","www.gouvernement.fr/192.229.211.115","443","OK","server","",""
"cipherorder_TLSv1_2","www.gouvernement.fr/192.229.211.115","443","INFO","ECDHE-RSA-AES128-GCM-SHA256","",""
"cipher_order","www.gouvernement.fr/192.229.211.115","443","OK","server","",""
"FS","www.gouvernement.fr/192.229.211.115","443","OK","offered","",""
"FS_ciphers","www.gouvernement.fr/192.229.211.115","443","INFO","DHE-RSA-AES128-GCM-SHA256 DHE-RSA-AES128-SHA256 DHE-RSA-AES128-SHA DHE-RSA-AES256-GCM-SHA384 DHE-RSA-AES256-SHA256 DHE-RSA-AES256-SHA DHE-RSA-CAMELLIA128-SHA DHE-RSA-CAMELLIA256-SHA DHE-RSA-SEED-SHA ECDHE-RSA-AES128-GCM-SHA256 ECDHE-RSA-AES128-SHA256 ECDHE-RSA-AES128-SHA ECDHE-RSA-AES256-GCM-SHA384 ECDHE-RSA-AES256-SHA384 ECDHE-RSA-AES256-SHA","",""
"FS_ECDHE_curves","www.gouvernement.fr/192.229.211.115","443","OK","prime256v1","",""
"TLS_extensions","www.gouvernement.fr/192.229.211.115","443","INFO","'renegotiation info/#65281' 'EC point formats/#11' 'session ticket/#35' 'status request/#5' 'next protocol/#13172' 'supported versions/#43' 'key share/#51' 'max fragment length/#1' 'application layer protocol negotiation/#16' 'encrypt-then-mac/#22' 'extended master secret/#23'","",""
"TLS_session_ticket","www.gouvernement.fr/192.229.211.115","443","INFO","valid for 7200 seconds only (<daily)","",""
"SSL_sessionID_support","www.gouvernement.fr/192.229.211.115","443","INFO","yes","",""
"sessionresumption_ticket","www.gouvernement.fr/192.229.211.115","443","INFO","not supported","",""
"sessionresumption_ID","www.gouvernement.fr/192.229.211.115","443","INFO","not supported","",""
"TLS_timestamp","www.gouvernement.fr/192.229.211.115","443","INFO","random","",""
"certificate_compression","www.gouvernement.fr/192.229.211.115","443","INFO","none","",""
"clientAuth","www.gouvernement.fr/192.229.211.115","443","INFO","none","",""
"cert_numbers","www.gouvernement.fr/192.229.211.115","443","INFO","1","",""
"cert_signatureAlgorithm","www.gouvernement.fr/192.229.211.115","443","OK","SHA256 with RSA","",""
"cert_keySize","www.gouvernement.fr/192.229.211.115","443","INFO","RSA 2048 bits (exponent is 65537)","",""
"cert_keyUsage","www.gouvernement.fr/192.229.211.115","443","INFO","Digital Signature, Key Encipherment","",""
"cert_extKeyUsage","www.gouvernement.fr/192.229.211.115","443","INFO","TLS Web Server Authentication","",""
"cert_serialNumber","www.gouvernement.fr/192.229.211.115","443","INFO","80A802AF329E0B7CFD2C30BEE2FFBCA0","",""
"cert_serialNumberLen","www.gouvernement.fr/192.229.211.115","443","INFO","16","",""
"cert_fingerprintSHA1","www.gouvernement.fr/192.229.211.115","443","INFO","DBFA8A55958570470DDA8203E32DA4CDEC3B4B0E","",""
"cert_fingerprintSHA256","www.gouvernement.fr/192.229.211.115","443","INFO","BCD9A76FF4FE3600DDF15885CF84EC133CF92183E28B3D1A5CCD64F9B4E9F258","",""
"cert","www.gouvernement.fr/192.229.211.115","443","INFO","-----BEGIN CERTIFICATE-----\nMIII2jCCBsKgAwIBAgIRAICoAq8yngt8/SwwvuL/vKAwDQYJKoZIhvcNAQELBQAwfTELMAkGA1UEBhMCRlIxEjAQBgNVBAoMCURISU1ZT1RJUzEcMBoGA1UECwwTMDAwMiA0ODE0NjMwODEwMDAzNjEdMBsGA1UEYQwUTlRSRlItNDgxNDYzMDgxMDAwMzYxHTAbBgNVBAMMFENlcnRpZ25hIFNlcnZpY2VzIENBMB4XDTIzMDcxODIyMDAwMFoXDTI0MDcxNzIxNTk1OVowgYoxCzAJBgNVBAYTAkZSMQ4wDAYDVQQHDAVQQVJJUzE8MDoGA1UECgwzRElSRUNUSU9OIERFUyBTRVJWSUNFUyBBRE1JTklTVFJBVElGUyBFVCBGSU5BTkNJRVJTMRgwFgYDVQQDDA9nb3V2ZXJuZW1lbnQuZnIxEzARBgNVBAUTClMyNzkzMDE4NzIwggEiMA0GCSqGSIb3DQEBAQUAA4IBDwAwggEKAoIBAQCl2m1+8+QzrsnK2+kcS/HoAzPqhbVfP1ltFTKwcqMxq4XX9f9QQnWg9UGbfP9BZmlGuYwGDlI5z9yo4s0pU8HA+jmegm93JanlR/B6/LYc1MVWM1WV4ZTLfdFSfoYsdqQfvrT0RoCqXvrUuyaAOecbW93AfP8KBrStDGbQemos2T0aUDmhcVLznNlrA06t655T5O9DVe2oiW6xLHyLdIWQcbYlIn71c3KOmBA+XxJVk/9CQ1Eyj6mk1iSFV6ee7vYgHF8YKc95E4CK/OzEeC4YNmfJLbQ80Q3kGKeSUOWKGBl5nDqMBSl+3jU+2TSbWuebxgXilTR1SJO0H9PUUwH7AgMBAAGjggRFMIIEQTCB5AYIKwYBBQUHAQEEgdcwgdQwOAYIKwYBBQUHMAKGLGh0dHA6Ly9hdXRvcml0ZS5kaGlteW90aXMuY29tL3NlcnZpY2VzY2EuZGVyMDYGCCsGAQUFBzAChipodHRwOi8vYXV0b3JpdGUuY2VydGlnbmEuZnIvc2VydmljZXNjYS5kZXIwMAYIKwYBBQUHMAGGJGh0dHA6Ly9zZXJ2aWNlc2NhLm9jc3AuZGhpbXlvdGlzLmNvbTAuBggrBgEFBQcwAYYiaHR0cDovL3NlcnZpY2VzY2Eub2NzcC5jZXJ0aWduYS5mcjAfBgNVHSMEGDAWgBSs7IaPSzccuH8XGxnQruhO4zRcEjAJBgNVHRMEAjAAMGEGA1UdIARaMFgwCAYGZ4EMAQICMEwGCyqBegGBMQIFAQEBMD0wOwYIKwYBBQUHAgEWL2h0dHBzOi8vd3d3LmNlcnRpZ25hLmNvbS9hdXRvcml0ZS1jZXJ0aWZpY2F0aW9uMGUGA1UdHwReMFwwK6ApoCeGJWh0dHA6Ly9jcmwuY2VydGlnbmEuZnIvc2VydmljZXNjYS5jcmwwLaAroCmGJ2h0dHA6Ly9jcmwuZGhpbXlvdGlzLmNvbS9zZXJ2aWNlc2NhLmNybDATBgNVHSUEDDAKBggrBgEFBQcDATAOBgNVHQ8BAf8EBAMCBaAwgZsGA1UdEQSBkzCBkIIdd3d3LnJlY2hlcmNoZS5nb3V2ZXJuZW1lbnQuZnKCE3d3dy5nb3V2ZXJuZW1lbnQuZnKCD2dvdXZlcm5lbWVudC5mcoIZcmVjaGVyY2hlLmdvdXZlcm5lbWVudC5mcoIUZ291dmVybmVtZW50LmdvdXYuZnKCGHd3dy5nb3V2ZXJuZW1lbnQuZ291di5mcjAdBgNVHQ4EFgQUbaBR3oFZ56a2JkyaIULTBWjSZTMwggF+BgorBgEEAdZ5AgQCBIIBbgSCAWoBaAB2AO7N0GTV2xrOxVy3nbTNE6Iyh0Z8vOzew1FIWUZxH7WbAAABiW2DMoQAAAQDAEcwRQIgOA+L4HdhJL9wZ12GWSka6gEDQKgMhhKeNsLAUDkX4QQCIQD+bKLryQA3cziFLRhB1DlnMWU9BIk+U5CrxBbs9sJNWgB2AHb/iD8KtvuVUcJhzPWHujS0pM27KdxoQgqf5mdMWjp0AAABiW2DMwoAAAQDAEcwRQIhAOuYbawL6nd1DoC/21sN93ts8aHn8s9NysYIVGH5k7RPAiBWuAcSvaU6umqUloZWTzzh8/gAxAiTWPDQKMkWZ4BgHwB2AFWB1MIWkDYBSuoLm1c8U/DA5Dh4cCUIFy+jqh0HE9MMAAABiW2DNh0AAAQDAEcwRQIhAJJVTrUgQmMG0OoywwuQ59fW5Id1v1iftKs74MnX9QorAiA64y/ifcFTRcM9j2stwEV5PnhUz7OAucNADebdocaXeTANBgkqhkiG9w0BAQsFAAOCAgEAFjR8UssC1XhWiWswc6wn8g3pz/rXF/4JbZ+ZmeImV549SnFGBBKVpM7fK5t4NXkO0SgaTtUV1LF12SSimwsXnZPQ7j8jw+5jpANiqhI4mAoyMevo9wkG+IRoViz2yh1hb+PGapYfAYxvIx54NWPrYdV7qIm/mjxsByRsxTD5NXrY0rzb0HYxFh9V12qo+1WRNleytIS6vSKP+CP6f7ggxU8RxmHKtII/xO13FEXLVNEc162MTjEhbPBUbiUMl2znA/ZRd7PwFERDo9RY9l73oTBzGiiK6PgzE3kfTGcGb2KjrFT7ECr3IHXKyBhwrBLt3YoUv5rAwNI7jvD7SEQBw8pjfSYD0Ec/R42K7bfVCfjWIgg7QY+tkAW87d0nxx9VxlEGFfyZDtsFkKu5YcXCqgJisDeL+TsTMfnelVQs9SfxsFBuLfX3VNamk/Yxn+KpOy+UB0vKE7g4mrFd1nTE4Z+1gpR8CZv1NidBm9WRJCRchzWfm3p6FnUqaa7NzivqjqUec7MFDbSusF1eQnG0QRXkrZUXl7SmJP7sPqv4O9/dHlA/JxlmuwzyzVZOcvaV/fs9f3+Y3o8FOLr9p6XYFs4hBKnlR9PPpkTbaRcwZSjk0nZd2bcZ4f+Lm4050wBWtQ9fVT7DRrMi/kCxKLR5qtQJ+FK3TXW7zb74fl1SfJE=\n-----END CERTIFICATE-----","",""
"cert_commonName","www.gouvernement.fr/192.229.211.115","443","OK","gouvernement.fr","",""
"cert_commonName_wo_SNI","www.gouvernement.fr/192.229.211.115","443","INFO","gouvernement.fr","",""
"cert_subjectAltName","www.gouvernement.fr/192.229.211.115","443","INFO","www.recherche.gouvernement.fr www.gouvernement.fr gouvernement.fr recherche.gouvernement.fr gouvernement.gouv.fr www.gouvernement.gouv.fr","",""
"cert_trust","www.gouvernement.fr/192.229.211.115","443","OK","Ok via SAN (same w/o SNI)","",""
"cert_chain_of_trust","www.gouvernement.fr/192.229.211.115","443","CRITICAL","Some certificate trust checks failed -> Java (self signed CA in chain) Apple (self signed CA in chain)  , OK -> Mozilla Microsoft Linux","",""
"cert_certificatePolicies_EV","www.gouvernement.fr/192.229.211.115","443","INFO","no","",""
"cert_expirationStatus","www.gouvernement.fr/192.229.211.115","443","OK","194 >= 60 days","",""
"cert_notBefore","www.gouvernement.fr/192.229.211.115","443","INFO","2023-07-18 22:00","",""
"cert_notAfter","www.gouvernement.fr/192.229.211.115","443","OK","2024-07-17 21:59","",""
"cert_extlifeSpan","www.gouvernement.fr/192.229.211.115","443","OK","certificate has no extended life time according to browser forum","",""
"cert_eTLS","www.gouvernement.fr/192.229.211.115","443","INFO","not present","",""
"cert_crlDistributionPoints","www.gouvernement.fr/192.229.211.115","443","INFO","http://crl.certigna.fr/servicesca.crl http://crl.dhimyotis.com/servicesca.crl","",""
"cert_ocspURL","www.gouvernement.fr/192.229.211.115","443","INFO","http://servicesca.ocsp.dhimyotis.com http://servicesca.ocsp.certigna.fr","",""
"OCSP_stapling","www.gouvernement.fr/192.229.211.115","443","OK","offered","",""
"cert_ocspRevoked","www.gouvernement.fr/192.229.211.115","443","OK","not revoked","",""
"cert_mustStapleExtension","www.gouvernement.fr/192.229.211.115","443","INFO","--","",""
"DNS_CAArecord","www.gouvernement.fr/192.229.211.115","443","LOW","--","",""
"certificate_transparency","www.gouvernement.fr/192.229.211.115","443","OK","yes (certificate extension)","",""
"certs_countServer","www.gouvernement.fr/192.229.211.115","443","INFO","3","",""
"certs_list_ordering_problem","www.gouvernement.fr/192.229.211.115","443","INFO","no","",""
"cert_caIssuers","www.gouvernement.fr/192.229.211.115","443","INFO","Certigna Services CA (DHIMYOTIS from FR)","",""
"intermediate_cert <#1>","www.gouvernement.fr/192.229.211.115","443","INFO","-----BEGIN CERTIFICATE-----\nMIIHETCCBPmgAwIBAgIRAP0wzwQ0T8ON2QxOcHU9BiMwDQYJKoZIhvcNAQELBQAwWjELMAkGA1UEBhMCRlIxEjAQBgNVBAoMCURoaW15b3RpczEcMBoGA1UECwwTMDAwMiA0ODE0NjMwODEwMDAzNjEZMBcGA1UEAwwQQ2VydGlnbmEgUm9vdCBDQTAeFw0xNTExMjUxMTM3MjFaFw0zMzA2MDMxMTM3MjFaMH0xCzAJBgNVBAYTAkZSMRIwEAYDVQQKDAlESElNWU9USVMxHDAaBgNVBAsMEzAwMDIgNDgxNDYzMDgxMDAwMzYxHTAbBgNVBGEMFE5UUkZSLTQ4MTQ2MzA4MTAwMDM2MR0wGwYDVQQDDBRDZXJ0aWduYSBTZXJ2aWNlcyBDQTCCAiIwDQYJKoZIhvcNAQEBBQADggIPADCCAgoCggIBALPM+7LpWBz9wFcPaTc3xnB+5g0XrnptB0EPPfrR04vO52Ykm4ky1d4ZLd10tbM1fa1RqNSOVWWg93O4pL7zCFKlz6JV74ZZVhHpEAwzBwv2oPnxvVbxtSN67xsSY66ahUYxjzs8+3FhmsiRxqwnTYvK2u70uglUvRisOKyTL/M6JnrC4y8tlmoz7OSa5BmBMVplJFQtvmON6N9aHLvYMz+EyJPCbXL6pELxeHjFT5QmIaRamsr2DOTaCjtBZKI1Wnh3X7lnbjM8MESJiV2t7E9tIQNG0Z/HI3tO4aaUMum3KysY5sC8v3vi7rryGidgzHQhrtP0ZXWW5UH/k7umLS/P/XXWnCFpc2Lxa1uDGfc2im7xibRoPP+JNZszN76euFlls6jyEXAiwnVr14tVVTewLK0OWs5SJHpEKp8PGMZRDj59EmMvokWwzL6QzNZ6vVAp00oOm05sbspNY9+MFqGKKUsKvhFGEa4XmRNxDe6KswLcjPZB+NKHZ0QWFd4ip5C5XmEK/8qIPjwVr9dah9+oiHGGO8Wx7gJAMF5DTmkvW7GhqCKj1LmHnabjzc8av6kxWVQZi/C7HCm9i/W4wio+JA2EAFLqNL3GPNbK9kau4yPhQt/c7zxzo0OHnlsV4THCG7oOCd3cfCiyfQcb3FBt6OSpaKRZxjCLBwP00r0fAgMBAAGjggGtMIIBqTASBgNVHRMBAf8ECDAGAQH/AgEAMA4GA1UdDwEB/wQEAwIBBjAdBgNVHQ4EFgQUrOyGj0s3HLh/FxsZ0K7oTuM0XBIwHwYDVR0jBBgwFoAUGIdW4G537iQ1PE5zmh/W4eJ5fiswSQYDVR0gBEIwQDA+BgoqgXoBgTECAAEBMDAwLgYIKwYBBQUHAgEWImh0dHBzOi8vd3d3LmNlcnRpZ25hLmZyL2F1dG9yaXRlcy8wgYgGCCsGAQUFBwEBBHwwejA6BggrBgEFBQcwAoYuaHR0cDovL2F1dG9yaXRlLmNlcnRpZ25hLmZyL2NlcnRpZ25hcm9vdGNhLmRlcjA8BggrBgEFBQcwAoYwaHR0cDovL2F1dG9yaXRlLmRoaW15b3Rpcy5jb20vY2VydGlnbmFyb290Y2EuZGVyMG0GA1UdHwRmMGQwL6AtoCuGKWh0dHA6Ly9jcmwuY2VydGlnbmEuZnIvY2VydGlnbmFyb290Y2EuY3JsMDGgL6AthitodHRwOi8vY3JsLmRoaW15b3Rpcy5jb20vY2VydGlnbmFyb290Y2EuY3JsMA0GCSqGSIb3DQEBCwUAA4ICAQCI5QbprXJ93L+JWHYpUTinXAMSvXMx2dmNm4mIiJRAbGnBOoEYx7M61fbLL5EJIYZhw8jLmeYVFuMao5OJLwda+RMmVzE7lyTGsY64IDKdwogByNCqbKzrlhnU8myyMNB0BDs2jgwQe2Dj9v+MddeHr7sDqvs7R1tSS5hoASLtdQhO7oxUzr3m7M8q+lh4jszli+cjfiPUVS2ADFu4ccQIh4OsIX6SWdU+8R+c/fn0FV6ip4SAVbNyCToz0ZbZKO8YTJgORxRmvrop9dPyuLWjaRrZ0LMx4a3EM3sQDPDqmsG0lHtfFj2PiJvq4lEYA+gDiLKODI+3DJMqo559m3QSS52DsShomHX/Txd0lJoZwepCE6X4KkG9FHjVWXyLgYFwCOcn+hkLhdpblms0wtjeSPITGOioSkefzhleJnDgJ9X4M3svd0HLTpJilC1DmDZgdrXWITVdOoCogr2LFKNiGd0tbpKG533eKpfBALlm+afc6j73p1KhJEAnAfydDZqBRqv6+HHYplNDn/K2I1CZdkwaGrx3HOR/voGUi1sUI+hYbsPAFu8ZxrhD9UiysmLCfEUhqkbojony+L2mKsoLqyd24emQzn7GgMa7emlWX2jQUTwrD4SliZ2uOetVaZX5RLyqJWs4Igo/xye0xtMQN8INJ4hSZvnMQ1qFtuSRcQ==\n-----END CERTIFICATE-----","",""
"intermediate_cert_fingerprintSHA256 <#1>","www.gouvernement.fr/192.229.211.115","443","INFO","07F2CE55CA1AA6CB992719B1E423C1D02C1EA759A6E2EAB4E150C88282E22550","",""
"intermediate_cert_notBefore <#1>","www.gouvernement.fr/192.229.211.115","443","INFO","2015-11-25 11:37","",""
"intermediate_cert_notAfter <#1>","www.gouvernement.fr/192.229.211.115","443","OK","2033-06-03 11:37","",""
"intermediate_cert_expiration <#1>","www.gouvernement.fr/192.229.211.115","443","OK","ok > 40 days","",""
"intermediate_cert_chain <#1>","www.gouvernement.fr/192.229.211.115","443","INFO","Certigna Services CA <-- Certigna Root CA","",""
"intermediate_cert <#2>","www.gouvernement.fr/192.229.211.115","443","INFO","-----BEGIN CERTIFICATE-----\nMIIGWzCCBEOgAwIBAgIRAMrpG4nxVQMNo+ZBbcTjpuEwDQYJKoZIhvcNAQELBQAwWjELMAkGA1UEBhMCRlIxEjAQBgNVBAoMCURoaW15b3RpczEcMBoGA1UECwwTMDAwMiA0ODE0NjMwODEwMDAzNjEZMBcGA1UEAwwQQ2VydGlnbmEgUm9vdCBDQTAeFw0xMzEwMDEwODMyMjdaFw0zMzEwMDEwODMyMjdaMFoxCzAJBgNVBAYTAkZSMRIwEAYDVQQKDAlEaGlteW90aXMxHDAaBgNVBAsMEzAwMDIgNDgxNDYzMDgxMDAwMzYxGTAXBgNVBAMMEENlcnRpZ25hIFJvb3QgQ0EwggIiMA0GCSqGSIb3DQEBAQUAA4ICDwAwggIKAoICAQDNGDllGlmx6mQWDoyUJJV8g9PFOSbcDO8WV43X2KyjQn+Cyu3NW9sOty3tRQgXstmzy9YXUnIo245Onoq2C/mehJpNdt4iKVzSs9IGPjA5qXSjklYcoW9MCiBtnyN6tMbaLOQdLNyzKNAT8kxOAkmhVECe5uUFoC2EyP+YbNDrihqECB63aCPuI9Vwzm1RaRDuoXrC0SIxwoKF0vJVdlB8JXrJhFwLrN1CTivngqIkicuQstDuI7pmTLtipPlTWmR7fJj6o0ieD5Wupxj0auwuA0Wv8HT4Ks16XdG+RCYyKfHx9WzMfgIhC59vpD++nVPiz32pLHxYGpfhPTc3GGYo0kDFUYqMwy3OU4gkWGQwFsWq4NYKpkDfePb1BHxpE4S80dGnBs8B92jAqFe7OmGtBIyT46388NtEbVncSVmurJqZNjBBe3YzIoejwpKGbvlw7q6Hh5UbxHq9MfPU0uWZ/75I7HX1eBYdpnDBfzwboZL7z8g81sWTCo/1VTp2lc5ZmIoJlXcymoO6LAQ6l73UL77XbJuiyn1tJslV1c/DeVIICZkHJC1kJWumIWmbat10TWuXekG9qxf5kBdIjzb5LdXF2+6qhUVB+s06RbFo5jZMm5BX7CO5hwjCxAnxl4YqKE3idMDaxIzb3+KhF1nOJFl0Mdp//TBt2dzhauH8XwIDAQABo4IBGjCCARYwDwYDVR0TAQH/BAUwAwEB/zAOBgNVHQ8BAf8EBAMCAQYwHQYDVR0OBBYEFBiHVuBud+4kNTxOc5of1uHieX4rMB8GA1UdIwQYMBaAFBiHVuBud+4kNTxOc5of1uHieX4rMEQGA1UdIAQ9MDswOQYEVR0gADAxMC8GCCsGAQUFBwIBFiNodHRwczovL3d3d3cuY2VydGlnbmEuZnIvYXV0b3JpdGVzLzBtBgNVHR8EZjBkMC+gLaArhilodHRwOi8vY3JsLmNlcnRpZ25hLmZyL2NlcnRpZ25hcm9vdGNhLmNybDAxoC+gLYYraHR0cDovL2NybC5kaGlteW90aXMuY29tL2NlcnRpZ25hcm9vdGNhLmNybDANBgkqhkiG9w0BAQsFAAOCAgEAlLieT/DjlQgi581oQfccVdV8AOItOoldaDgvUSILSo3L6btdPrtcPbEo/uRTVRPPoZAbAh1fZkYJMyjhDSSXcNMQH+pkV5a7XdrnxIxPTGRGHVyH41neQtGbqH6mid2PHMkwgu07nM3A6RngatgCdTer9zQoKJHyBApPNeNgJgH60BGM+RFq7q89w1DTj18zeTyGqHNFkIwgtnJzFyO+B2XleJINugHA64wcZr+shncBlA2c5uk5jR+mUYyZDDl34bSb+hxnV29qao6pK0xXeXpXIs/NX2NGjVxZOob4Mkdio2cNGJHc+6Zr9UhhcyNZjgKnvETq9Emd8VRY+WCv2hikLyhF3HqgiIZd8zvn/yk1gPxkQ5Tm4xxvvq0OKmOZK8l+hfZx6AYDlf7ej0gcWtSS6Cvu5zHbugRqh5jnxV/vfaci9wHYTfmJ0A6aBVmknpjZbyvKcL5kwlWj9Omvw5Ip3IgWJJk8jSaYtlu3zM63Nwf9JtmYhST/WSMDmu2dnajkXjjO11INb9I/bbEFa0nOipFGc/T2L/Coc3cOZayhjWZSaX5LaAzHHjcng6WMxwLkFM1JAbBzs/3GkDpv0mztO+7skb6iQ12LAEpmJURw3kAP+HwV96LOPNdeE4yBFxgX0b3xdxA61GU5wSesVywlVP+i2k+KYTlerj1KjL0=\n-----END CERTIFICATE-----","",""
"intermediate_cert_fingerprintSHA256 <#2>","www.gouvernement.fr/192.229.211.115","443","INFO","D48D3D23EEDB50A459E55197601C27774B9D7B18C94D5A059511A10250B93168","",""
"intermediate_cert_notBefore <#2>","www.gouvernement.fr/192.229.211.115","443","INFO","2013-10-01 08:32","",""
"intermediate_cert_notAfter <#2>","www.gouvernement.fr/192.229.211.115","443","OK","2033-10-01 08:32","",""
"intermediate_cert_expiration <#2>","www.gouvernement.fr/192.229.211.115","443","OK","ok > 40 days","",""
"intermediate_cert_chain <#2>","www.gouvernement.fr/192.229.211.115","443","INFO","Certigna Root CA <-- Certigna Root CA","",""
"intermediate_cert_badOCSP","www.gouvernement.fr/192.229.211.115","443","OK","intermediate certificate(s) is/are ok","",""
"HTTP_status_code","www.gouvernement.fr/192.229.211.115","443","INFO","200 OK ('/')","",""
"HTTP_clock_skew","www.gouvernement.fr/192.229.211.115","443","INFO","+2849 seconds from localtime","",""
"HTTP_headerTime","www.gouvernement.fr/192.229.211.115","443","INFO","1704459629","",""
"HTTP_headerAge","www.gouvernement.fr/192.229.211.115","443","INFO","2849 seconds","",""
"HSTS","www.gouvernement.fr/192.229.211.115","443","LOW","not offered","",""
"HPKP","www.gouvernement.fr/192.229.211.115","443","INFO","No support for HTTP Public Key Pinning","",""
"banner_server","www.gouvernement.fr/192.229.211.115","443","INFO","ECAcc (sac/2533)","",""
"banner_application","www.gouvernement.fr/192.229.211.115","443","INFO","No application banner found","",""
"cookie_count","www.gouvernement.fr/192.229.211.115","443","INFO","0 at '/'","",""
"X-Frame-Options","www.gouvernement.fr/192.229.211.115","443","OK","SAMEORIGIN","",""
"X-Content-Type-Options","www.gouvernement.fr/192.229.211.115","443","OK","nosniff","",""
"X-XSS-Protection","www.gouvernement.fr/192.229.211.115","443","INFO","1; mode=block","",""
"Cache-Control","www.gouvernement.fr/192.229.211.115","443","INFO","max-age=86400, public","",""
"banner_reverseproxy","www.gouvernement.fr/192.229.211.115","443","INFO","X-Cache: HIT","","CWE-200"
"heartbleed","www.gouvernement.fr/192.229.211.115","443","OK","not vulnerable, no heartbeat extension","CVE-2014-0160","CWE-119"
"CCS","www.gouvernement.fr/192.229.211.115","443","OK","not vulnerable","CVE-2014-0224","CWE-310"
"ticketbleed","www.gouvernement.fr/192.229.211.115","443","OK","not vulnerable","CVE-2016-9244","CWE-200"
"ROBOT","www.gouvernement.fr/192.229.211.115","443","OK","not vulnerable","CVE-2017-17382 CVE-2017-17427 CVE-2017-17428 CVE-2017-13098 CVE-2017-1000385 CVE-2017-13099 CVE-2016-6883 CVE-2012-5081 CVE-2017-6168","CWE-203"
"secure_renego","www.gouvernement.fr/192.229.211.115","443","OK","supported","","CWE-310"
"secure_client_renego","www.gouvernement.fr/192.229.211.115","443","OK","not vulnerable","CVE-2011-1473","CWE-310"
"CRIME_TLS","www.gouvernement.fr/192.229.211.115","443","OK","not vulnerable","CVE-2012-4929","CWE-310"
"BREACH","www.gouvernement.fr/192.229.211.115","443","MEDIUM","potentially VULNERABLE, gzip deflate HTTP compression detected  - only supplied '/' tested","CVE-2013-3587","CWE-310"
"POODLE_SSL","www.gouvernement.fr/192.229.211.115","443","OK","not vulnerable, no SSLv3","CVE-2014-3566","CWE-310"
"fallback_SCSV","www.gouvernement.fr/192.229.211.115","443","OK","no protocol below TLS 1.2 offered","",""
"SWEET32","www.gouvernement.fr/192.229.211.115","443","OK","not vulnerable","CVE-2016-2183 CVE-2016-6329","CWE-327"
"FREAK","www.gouvernement.fr/192.229.211.115","443","OK","not vulnerable","CVE-2015-0204","CWE-310"
"DROWN","www.gouvernement.fr/192.229.211.115","443","OK","not vulnerable on this host and port","CVE-2016-0800 CVE-2016-0703","CWE-310"
"DROWN_hint","www.gouvernement.fr/192.229.211.115","443","INFO","Make sure you don't use this certificate elsewhere with SSLv2 enabled services, see https://search.censys.io/search?resource=hosts&virtual_hosts=INCLUDE&q=BCD9A76FF4FE3600DDF15885CF84EC133CF92183E28B3D1A5CCD64F9B4E9F258","CVE-2016-0800 CVE-2016-0703","CWE-310"
"LOGJAM","www.gouvernement.fr/192.229.211.115","443","OK","not vulnerable, no DH EXPORT ciphers,","CVE-2015-4000","CWE-310"
"LOGJAM-common_primes","www.gouvernement.fr/192.229.211.115","443","OK","--","CVE-2015-4000","CWE-310"
"BEAST","www.gouvernement.fr/192.229.211.115","443","OK","not vulnerable, no SSL3 or TLS1","CVE-2011-3389","CWE-20"
"LUCKY13","www.gouvernement.fr/192.229.211.115","443","LOW","potentially vulnerable, uses TLS CBC ciphers","CVE-2013-0169","CWE-310"
"winshock","www.gouvernement.fr/192.229.211.115","443","OK","not vulnerable","CVE-2014-6321","CWE-94"
"RC4","www.gouvernement.fr/192.229.211.115","443","OK","not vulnerable","CVE-2013-2566 CVE-2015-2808","CWE-310"
"clientsimulation-android_60","www.gouvernement.fr/192.229.211.115","443","INFO","TLSv1.2 ECDHE-RSA-AES128-GCM-SHA256","",""
"clientsimulation-android_70","www.gouvernement.fr/192.229.211.115","443","INFO","TLSv1.2 ECDHE-RSA-AES128-GCM-SHA256","",""
"clientsimulation-android_81","www.gouvernement.fr/192.229.211.115","443","INFO","TLSv1.2 ECDHE-RSA-AES128-GCM-SHA256","",""
"clientsimulation-android_90","www.gouvernement.fr/192.229.211.115","443","INFO","TLSv1.3 TLS_AES_256_GCM_SHA384","",""
"clientsimulation-android_X","www.gouvernement.fr/192.229.211.115","443","INFO","TLSv1.3 TLS_AES_256_GCM_SHA384","",""
"clientsimulation-android_11","www.gouvernement.fr/192.229.211.115","443","INFO","TLSv1.3 TLS_AES_256_GCM_SHA384","",""
"clientsimulation-android_12","www.gouvernement.fr/192.229.211.115","443","INFO","TLSv1.3 TLS_AES_256_GCM_SHA384","",""
"clientsimulation-chrome_79_win10","www.gouvernement.fr/192.229.211.115","443","INFO","TLSv1.3 TLS_AES_256_GCM_SHA384","",""
"clientsimulation-chrome_101_win10","www.gouvernement.fr/192.229.211.115","443","INFO","TLSv1.3 TLS_AES_256_GCM_SHA384","",""
"clientsimulation-firefox_66_win81","www.gouvernement.fr/192.229.211.115","443","INFO","TLSv1.3 TLS_AES_256_GCM_SHA384","",""
"clientsimulation-firefox_100_win10","www.gouvernement.fr/192.229.211.115","443","INFO","TLSv1.3 TLS_AES_256_GCM_SHA384","",""
"clientsimulation-ie_6_xp","www.gouvernement.fr/192.229.211.115","443","INFO","No connection","",""
"clientsimulation-ie_8_win7","www.gouvernement.fr/192.229.211.115","443","INFO","No connection","",""
"clientsimulation-ie_8_xp","www.gouvernement.fr/192.229.211.115","443","INFO","No connection","",""
"clientsimulation-ie_11_win7","www.gouvernement.fr/192.229.211.115","443","INFO","TLSv1.2 DHE-RSA-AES128-GCM-SHA256","",""
"clientsimulation-ie_11_win81","www.gouvernement.fr/192.229.211.115","443","INFO","TLSv1.2 DHE-RSA-AES128-GCM-SHA256","",""
"clientsimulation-ie_11_winphone81","www.gouvernement.fr/192.229.211.115","443","INFO","TLSv1.2 ECDHE-RSA-AES128-SHA256","",""
"clientsimulation-ie_11_win10","www.gouvernement.fr/192.229.211.115","443","INFO","TLSv1.2 ECDHE-RSA-AES128-GCM-SHA256","",""
"clientsimulation-edge_15_win10","www.gouvernement.fr/192.229.211.115","443","INFO","TLSv1.2 ECDHE-RSA-AES128-GCM-SHA256","",""
"clientsimulation-edge_101_win10_21h2","www.gouvernement.fr/192.229.211.115","443","INFO","TLSv1.3 TLS_AES_256_GCM_SHA384","",""
"clientsimulation-safari_121_ios_122","www.gouvernement.fr/192.229.211.115","443","INFO","TLSv1.3 TLS_AES_256_GCM_SHA384","",""
"clientsimulation-safari_130_osx_10146","www.gouvernement.fr/192.229.211.115","443","INFO","TLSv1.3 TLS_AES_256_GCM_SHA384","",""
"clientsimulation-safari_154_osx_1231","www.gouvernement.fr/192.229.211.115","443","INFO","TLSv1.3 TLS_AES_256_GCM_SHA384","",""
"clientsimulation-java_7u25","www.gouvernement.fr/192.229.211.115","443","INFO","No connection","",""
"clientsimulation-java_8u161","www.gouvernement.fr/192.229.211.115","443","INFO","TLSv1.2 ECDHE-RSA-AES128-GCM-SHA256","",""
"clientsimulation-java1102","www.gouvernement.fr/192.229.211.115","443","INFO","TLSv1.3 TLS_AES_256_GCM_SHA384","",""
"clientsimulation-java1703","www.gouvernement.fr/192.229.211.115","443","INFO","TLSv1.3 TLS_AES_256_GCM_SHA384","",""
"clientsimulation-go_1178","www.gouvernement.fr/192.229.211.115","443","INFO","TLSv1.3 TLS_AES_256_GCM_SHA384","",""
"clientsimulation-libressl_283","www.gouvernement.fr/192.229.211.115","443","INFO","TLSv1.2 ECDHE-RSA-AES128-GCM-SHA256","",""
"clientsimulation-openssl_102e","www.gouvernement.fr/192.229.211.115","443","INFO","TLSv1.2 ECDHE-RSA-AES128-GCM-SHA256","",""
"clientsimulation-openssl_110l","www.gouvernement.fr/192.229.211.115","443","INFO","TLSv1.2 ECDHE-RSA-AES128-GCM-SHA256","",""
"clientsimulation-openssl_111d","www.gouvernement.fr/192.229.211.115","443","INFO","TLSv1.3 TLS_AES_256_GCM_SHA384","",""
"clientsimulation-openssl_303","www.gouvernement.fr/192.229.211.115","443","INFO","TLSv1.3 TLS_AES_256_GCM_SHA384","",""
"clientsimulation-apple_mail_16_0","www.gouvernement.fr/192.229.211.115","443","INFO","TLSv1.2 ECDHE-RSA-AES128-GCM-SHA256","",""
"clientsimulation-thunderbird_91_9","www.gouvernement.fr/192.229.211.115","443","INFO","TLSv1.3 TLS_AES_256_GCM_SHA384","",""
"rating_spec","www.gouvernement.fr/192.229.211.115","443","INFO","SSL Labs's 'SSL Server Rating Guide' (version 2009q from 2020-01-30)","",""
"rating_doc","www.gouvernement.fr/192.229.211.115","443","INFO","https://github.com/ssllabs/research/wiki/SSL-Server-Rating-Guide","",""
"protocol_support_score","www.gouvernement.fr/192.229.211.115","443","INFO","0","",""
"protocol_support_score_weighted","www.gouvernement.fr/192.229.211.115","443","INFO","0","",""
"key_exchange_score","www.gouvernement.fr/192.229.211.115","443","INFO","0","",""
"key_exchange_score_weighted","www.gouvernement.fr/192.229.211.115","443","INFO","0","",""
"cipher_strength_score","www.gouvernement.fr/192.229.211.115","443","INFO","0","",""
"cipher_strength_score_weighted","www.gouvernement.fr/192.229.211.115","443","INFO","0","",""
"final_score","www.gouvernement.fr/192.229.211.115","443","INFO","0","",""
"overall_grade","www.gouvernement.fr/192.229.211.115","443","CRITICAL","T","",""
"grade_cap_reason_1","www.gouvernement.fr/192.229.211.115","443","INFO","Grade capped to T. Issues with chain of trust (self signed CA in chain)","",""
"grade_cap_reason_2","www.gouvernement.fr/192.229.211.115","443","INFO","Grade capped to A. HSTS is not offered","",""
